{"stats":{"minecraft:crafted":{"minecraft:oak_planks":16,"minecraft:cooked_porkchop":11,"minecraft:crafting_table":1,"minecraft:stick":8,"minecraft:wooden_pickaxe":1,"minecraft:stone_pickaxe":2,"minecraft:wooden_axe":1,"minecraft:furnace":1,"minecraft:torch":8,"minecraft:air":0},"minecraft:killed":{"minecraft:pig":6,"minecraft:cow":3},"minecraft:custom":{"minecraft:time_since_rest":13091,"minecraft:interact_with_furnace":12,"minecraft:sprint_one_cm":30186,"minecraft:damage_taken":70,"minecraft:walk_one_cm":13371,"minecraft:mob_kills":9,"minecraft:damage_dealt":900,"minecraft:interact_with_crafting_table":5,"minecraft:fly_one_cm":39181,"minecraft:crouch_one_cm":4,"minecraft:play_time":13091,"minecraft:sneak_time":21,"minecraft:jump":164,"minecraft:time_since_death":13091,"minecraft:total_world_time":13091,"minecraft:fall_one_cm":6571},"minecraft:broken":{"minecraft:stone_pickaxe":1,"minecraft:wooden_pickaxe":1},"minecraft:mined":{"minecraft:furnace":1,"minecraft:iron_ore":2,"minecraft:crafting_table":2,"minecraft:granite":20,"minecraft:grass":3,"minecraft:oak_log":4,"minecraft:coal_ore":14,"minecraft:cobblestone":3,"minecraft:stone":156,"minecraft:oak_leaves":2},"minecraft:used":{"minecraft:wooden_axe":22,"minecraft:stone_pickaxe":137,"minecraft:wooden_pickaxe":59,"minecraft:torch":4,"minecraft:cobblestone":27,"minecraft:beef":3,"minecraft:crafting_table":3,"minecraft:furnace":1,"minecraft:cooked_porkchop":1},"minecraft:picked_up":{"minecraft:raw_iron":2,"minecraft:stick":2,"minecraft:crafting_table":2,"minecraft:leather":1,"minecraft:porkchop":11,"minecraft:oak_log":4,"minecraft:wheat_seeds":1,"minecraft:beef":5,"minecraft:granite":20,"minecraft:coal":14,"minecraft:cobblestone":159,"minecraft:furnace":1}},"DataVersion":3465}