{"stats":{"minecraft:broken":{"minecraft:stone_pickaxe":1,"minecraft:wooden_axe":1,"minecraft:wooden_pickaxe":1},"minecraft:crafted":{"minecraft:oak_planks":36,"minecraft:stone_shovel":1,"sophisticatedbackpacks:backpack":1,"minecraft:cooked_porkchop":11,"minecraft:crafting_table":2,"minecraft:wooden_pickaxe":1,"minecraft:furnace":1,"minecraft:stone_axe":1,"minecraft:air":0,"minecraft:string":4,"minecraft:stick":12,"minecraft:stone_pickaxe":2,"minecraft:wooden_axe":1,"minecraft:chest":1,"minecraft:white_bed":1,"minecraft:torch":8},"minecraft:killed":{"minecraft:pig":9,"minecraft:spider":1,"minecraft:sheep":4,"minecraft:horse":6,"minecraft:cow":3},"minecraft:picked_up":{"minecraft:crafting_table":5,"minecraft:flower_pot":1,"minecraft:leather":7,"minecraft:wither_rose":1,"minecraft:oak_log":9,"minecraft:string":2,"minecraft:dirt":11,"minecraft:polished_granite":4,"minecraft:iron_leggings":1,"minecraft:apple":1,"minecraft:wheat_seeds":1,"minecraft:spruce_planks":2,"minecraft:beef":5,"minecraft:cobweb":6,"minecraft:mossy_stone_bricks":1,"minecraft:egg":1,"minecraft:furnace":1,"minecraft:book":21,"minecraft:stick":2,"minecraft:raw_iron":2,"iceandfire:ghost_chest":1,"minecraft:chiseled_stone_bricks":26,"minecraft:porkchop":17,"minecraft:sand":72,"minecraft:white_bed":4,"minecraft:lily_of_the_valley":1,"minecraft:tnt":3,"minecraft:rotten_flesh":3,"waystones:waystone":2,"minecraft:granite":20,"minecraft:oak_sapling":3,"minecraft:coal":14,"minecraft:mutton":5,"minecraft:skeleton_skull":1,"minecraft:white_wool":4,"minecraft:cobblestone":170},"minecraft:custom":{"minecraft:interact_with_furnace":12,"minecraft:mob_kills":23,"minecraft:interact_with_crafting_table":10,"minecraft:leave_game":2,"minecraft:time_since_death":37306,"minecraft:sleep_in_bed":1,"minecraft:climb_one_cm":248,"minecraft:damage_resisted":0,"minecraft:time_since_rest":8016,"minecraft:sprint_one_cm":117893,"minecraft:damage_taken":531,"minecraft:walk_one_cm":37097,"minecraft:trigger_trapped_chest":1,"minecraft:damage_dealt":3079,"minecraft:swim_one_cm":11616,"minecraft:fly_one_cm":202860,"minecraft:open_chest":1,"minecraft:crouch_one_cm":4,"minecraft:play_time":37306,"minecraft:sneak_time":31,"minecraft:walk_under_water_one_cm":464,"minecraft:jump":779,"minecraft:walk_on_water_one_cm":1240,"minecraft:total_world_time":37306,"minecraft:fall_one_cm":24548},"minecraft:used":{"minecraft:stone_shovel":90,"minecraft:stone_pickaxe":184,"minecraft:spruce_planks":1,"minecraft:wooden_pickaxe":59,"minecraft:torch":8,"minecraft:crafting_table":6,"minecraft:white_bed":4,"minecraft:wooden_axe":38,"minecraft:stone_axe":52,"minecraft:cobblestone":58,"minecraft:beef":3,"minecraft:furnace":1,"minecraft:cooked_porkchop":7},"minecraft:mined":{"minecraft:spruce_planks":2,"minecraft:white_bed":4,"minecraft:potted_lily_of_the_valley":1,"minecraft:polished_granite":4,"minecraft:crafting_table":5,"minecraft:granite":20,"minecraft:grass_block":4,"iceandfire:ghost_chest":1,"minecraft:tall_grass":1,"minecraft:cobblestone":10,"minecraft:chiseled_stone_bricks":26,"minecraft:skeleton_skull":1,"minecraft:furnace":1,"minecraft:iron_ore":2,"minecraft:tnt":3,"minecraft:wither_rose":1,"minecraft:grass":10,"minecraft:bookshelf":7,"minecraft:oak_log":9,"minecraft:coal_ore":14,"minecraft:vine":1,"minecraft:sand":81,"minecraft:dirt":7,"minecraft:cracked_stone_bricks":1,"minecraft:stone":160,"minecraft:mossy_stone_bricks":1,"minecraft:oak_leaves":2}},"DataVersion":3465}