{
  "minecraft:recipes/combat/leather_helmet": {
    "criteria": {
      "has_leather": "2024-08-13 03:47:46 +0000"
    },
    "done": true
  },
  "minecraft:recipes/decorations/ladder": {
    "criteria": {
      "has_stick": "2024-08-13 03:47:00 +0000"
    },
    "done": true
  },
  "moreconcrete:recipes/redstone/lime_concrete_lever": {
    "criteria": {
      "has_stick": "2024-08-13 03:47:00 +0000"
    },
    "done": true
  },
  "mutantmonsters:root": {
    "criteria": {
      "killed_something": "2024-08-13 03:47:30 +0000"
    },
    "done": true
  },
  "moreconcrete:recipes/decorations/pink_concrete_fence_gate": {
    "criteria": {
      "has_stick": "2024-08-13 03:47:00 +0000"
    },
    "done": true
  },
  "moreconcrete:recipes/redstone/green_concrete_lever": {
    "criteria": {
      "has_stick": "2024-08-13 03:47:00 +0000"
    },
    "done": true
  },
  "create:recipes/building_blocks/granite_from_stone_types_granite_stonecutting": {
    "criteria": {
      "has_stone_types_granite": "2024-08-13 03:48:21 +0000"
    },
    "done": true
  },
  "moreconcrete:recipes/decorations/yellow_concrete_fence": {
    "criteria": {
      "has_stick": "2024-08-13 03:47:00 +0000"
    },
    "done": true
  },
  "moreconcrete:recipes/redstone/light_gray_concrete_lever": {
    "criteria": {
      "has_stick": "2024-08-13 03:47:00 +0000"
    },
    "done": true
  },
  "minecraft:recipes/decorations/oak_sign": {
    "criteria": {
      "has_planks": "2024-08-13 03:47:08 +0000"
    },
    "done": true
  },
  "toms_storage:unlock_glowstone": {
    "criteria": {
      "inv_changed-glowstone": "2024-08-13 03:44:46 +0000"
    },
    "done": true
  },
  "create:recipes/building_blocks/cut_granite_brick_slab_from_stone_types_granite_stonecutting": {
    "criteria": {
      "has_stone_types_granite": "2024-08-13 03:48:21 +0000"
    },
    "done": true
  },
  "moreconcrete:recipes/redstone/red_concrete_lever": {
    "criteria": {
      "has_stick": "2024-08-13 03:47:00 +0000"
    },
    "done": true
  },
  "minecraft:recipes/building_blocks/raw_iron_block": {
    "criteria": {
      "has_raw_iron": "2024-08-13 03:49:38 +0000"
    },
    "done": true
  },
  "fluidtank:recipes/tank/tank_stone": {
    "criteria": {
      "has_forge_stone": "2024-08-13 03:48:21 +0000"
    },
    "done": true
  },
  "minecraft:story/mine_stone": {
    "criteria": {
      "get_stone": "2024-08-13 03:48:20 +0000"
    },
    "done": true
  },
  "minecraft:recipes/decorations/furnace": {
    "criteria": {
      "has_cobblestone": "2024-08-13 03:48:20 +0000"
    },
    "done": true
  },
  "moreconcrete:recipes/decorations/orange_concrete_fence_gate": {
    "criteria": {
      "has_stick": "2024-08-13 03:47:00 +0000"
    },
    "done": true
  },
  "create:root": {
    "criteria": {
      "0": "2024-08-13 03:44:46 +0000"
    },
    "done": true
  },
  "minecraft:recipes/tools/wooden_axe": {
    "criteria": {
      "has_stick": "2024-08-13 03:47:00 +0000"
    },
    "done": true
  },
  "moreconcrete:recipes/decorations/white_concrete_fence_gate": {
    "criteria": {
      "has_stick": "2024-08-13 03:47:00 +0000"
    },
    "done": true
  },
  "minecraft:recipes/building_blocks/granite_slab_from_granite_stonecutting": {
    "criteria": {
      "has_granite": "2024-08-13 03:48:21 +0000"
    },
    "done": true
  },
  "minecraft:recipes/combat/leather_chestplate": {
    "criteria": {
      "has_leather": "2024-08-13 03:47:46 +0000"
    },
    "done": true
  },
  "create:recipes/misc/crafting/appliances/crafting_blueprint": {
    "criteria": {
      "has_item": "2024-08-13 03:47:11 +0000"
    },
    "done": true
  },
  "create:recipes/building_blocks/cut_granite_slab_from_stone_types_granite_stonecutting": {
    "criteria": {
      "has_stone_types_granite": "2024-08-13 03:48:21 +0000"
    },
    "done": true
  },
  "moreconcrete:recipes/redstone/white_concrete_lever": {
    "criteria": {
      "has_stick": "2024-08-13 03:47:00 +0000"
    },
    "done": true
  },
  "moreconcrete:recipes/decorations/blue_concrete_fence_gate": {
    "criteria": {
      "has_stick": "2024-08-13 03:47:00 +0000"
    },
    "done": true
  },
  "minecraft:recipes/decorations/crafting_table": {
    "criteria": {
      "unlock_right_away": "2024-08-13 03:44:46 +0000"
    },
    "done": true
  },
  "minecraft:recipes/decorations/chest": {
    "criteria": {
      "has_lots_of_items": "2024-08-13 03:47:46 +0000"
    },
    "done": true
  },
  "minecraft:recipes/misc/stick": {
    "criteria": {
      "has_planks": "2024-08-13 03:47:08 +0000"
    },
    "done": true
  },
  "moreconcrete:recipes/decorations/orange_concrete_fence": {
    "criteria": {
      "has_stick": "2024-08-13 03:47:00 +0000"
    },
    "done": true
  },
  "minecraft:recipes/building_blocks/cobblestone_slab_from_cobblestone_stonecutting": {
    "criteria": {
      "has_cobblestone": "2024-08-13 03:48:20 +0000"
    },
    "done": true
  },
  "mekanism:root": {
    "criteria": {
      "automatic": "2024-08-13 03:44:46 +0000"
    },
    "done": true
  },
  "minecraft:recipes/decorations/granite_wall_from_granite_stonecutting": {
    "criteria": {
      "has_granite": "2024-08-13 03:48:21 +0000"
    },
    "done": true
  },
  "toms_storage:unlock_netherite": {
    "criteria": {
      "inv_changed-netherite": "2024-08-13 03:44:46 +0000"
    },
    "done": true
  },
  "moreconcrete:recipes/decorations/green_concrete_fence": {
    "criteria": {
      "has_stick": "2024-08-13 03:47:00 +0000"
    },
    "done": true
  },
  "minecraft:recipes/building_blocks/stone": {
    "criteria": {
      "has_cobblestone": "2024-08-13 03:48:20 +0000"
    },
    "done": true
  },
  "create:recipes/building_blocks/small_granite_brick_stairs_from_stone_types_granite_stonecutting": {
    "criteria": {
      "has_stone_types_granite": "2024-08-13 03:48:21 +0000"
    },
    "done": true
  },
  "minecraft:recipes/building_blocks/polished_granite_from_granite_stonecutting": {
    "criteria": {
      "has_granite": "2024-08-13 03:48:21 +0000"
    },
    "done": true
  },
  "minecraft:recipes/misc/leather_horse_armor": {
    "criteria": {
      "has_leather": "2024-08-13 03:47:46 +0000"
    },
    "done": true
  },
  "minecraft:recipes/building_blocks/granite_slab": {
    "criteria": {
      "has_granite": "2024-08-13 03:48:21 +0000"
    },
    "done": true
  },
  "toms_storage:unlock_chest": {
    "criteria": {
      "inv_changed-chest": "2024-08-13 03:44:46 +0000"
    },
    "done": true
  },
  "create:recipes/building_blocks/cut_granite_from_stone_types_granite_stonecutting": {
    "criteria": {
      "has_stone_types_granite": "2024-08-13 03:48:21 +0000"
    },
    "done": true
  },
  "moreconcrete:recipes/redstone/cyan_concrete_lever": {
    "criteria": {
      "has_stick": "2024-08-13 03:47:00 +0000"
    },
    "done": true
  },
  "create:recipes/building_blocks/cut_granite_brick_stairs_from_stone_types_granite_stonecutting": {
    "criteria": {
      "has_stone_types_granite": "2024-08-13 03:48:21 +0000"
    },
    "done": true
  },
  "iceandfire:iceandfire/root": {
    "criteria": {
      "tick": "2024-08-13 03:44:46 +0000"
    },
    "done": true
  },
  "moreconcrete:recipes/redstone/pink_concrete_lever": {
    "criteria": {
      "has_stick": "2024-08-13 03:47:00 +0000"
    },
    "done": true
  },
  "create:recipes/building_blocks/polished_cut_granite_from_stone_types_granite_stonecutting": {
    "criteria": {
      "has_stone_types_granite": "2024-08-13 03:48:21 +0000"
    },
    "done": true
  },
  "moreconcrete:recipes/decorations/light_blue_concrete_fence": {
    "criteria": {
      "has_stick": "2024-08-13 03:47:00 +0000"
    },
    "done": true
  },
  "sophisticatedbackpacks:recipes/misc/backpack": {
    "criteria": {
      "has_leather": "2024-08-13 03:47:46 +0000"
    },
    "done": true
  },
  "minecraft:recipes/food/cooked_beef_from_smoking": {
    "criteria": {
      "has_beef": "2024-08-13 03:47:31 +0000"
    },
    "done": true
  },
  "minecraft:recipes/food/cooked_porkchop": {
    "criteria": {
      "has_porkchop": "2024-08-13 03:47:39 +0000"
    },
    "done": true
  },
  "minecraft:recipes/building_blocks/oak_slab": {
    "criteria": {
      "has_planks": "2024-08-13 03:47:08 +0000"
    },
    "done": true
  },
  "minecraft:recipes/building_blocks/granite_stairs": {
    "criteria": {
      "has_granite": "2024-08-13 03:48:21 +0000"
    },
    "done": true
  },
  "moreconcrete:recipes/redstone/yellow_concrete_lever": {
    "criteria": {
      "has_stick": "2024-08-13 03:47:00 +0000"
    },
    "done": true
  },
  "minecraft:recipes/building_blocks/granite_stairs_from_granite_stonecutting": {
    "criteria": {
      "has_granite": "2024-08-13 03:48:21 +0000"
    },
    "done": true
  },
  "minecraft:recipes/tools/stone_pickaxe": {
    "criteria": {
      "has_cobblestone": "2024-08-13 03:48:20 +0000"
    },
    "done": true
  },
  "minecraft:recipes/decorations/campfire": {
    "criteria": {
      "has_stick": "2024-08-13 03:47:00 +0000"
    },
    "done": true
  },
  "minecraft:recipes/tools/wooden_hoe": {
    "criteria": {
      "has_stick": "2024-08-13 03:47:00 +0000"
    },
    "done": true
  },
  "minecraft:recipes/decorations/granite_wall": {
    "criteria": {
      "has_granite": "2024-08-13 03:48:21 +0000"
    },
    "done": true
  },
  "sophisticatedstorage:recipes/misc/oak_chest": {
    "criteria": {
      "has_oak_plank": "2024-08-13 03:47:08 +0000"
    },
    "done": true
  },
  "minecraft:recipes/redstone/oak_fence_gate": {
    "criteria": {
      "has_planks": "2024-08-13 03:47:08 +0000"
    },
    "done": true
  },
  "minecraft:recipes/misc/charcoal": {
    "criteria": {
      "has_log": "2024-08-13 03:46:57 +0000"
    },
    "done": true
  },
  "minecraft:recipes/building_blocks/polished_granite_slab_from_granite_stonecutting": {
    "criteria": {
      "has_granite": "2024-08-13 03:48:21 +0000"
    },
    "done": true
  },
  "minecraft:recipes/decorations/item_frame": {
    "criteria": {
      "has_leather": "2024-08-13 03:47:46 +0000"
    },
    "done": true
  },
  "moreconcrete:recipes/decorations/white_concrete_fence": {
    "criteria": {
      "has_stick": "2024-08-13 03:47:00 +0000"
    },
    "done": true
  },
  "farmersdelight:recipes/cooking/pasta_with_meatballs": {
    "criteria": {
      "has_any_ingredient": "2024-08-13 03:47:31 +0000"
    },
    "done": true
  },
  "moreconcrete:recipes/decorations/black_concrete_fence_gate": {
    "criteria": {
      "has_stick": "2024-08-13 03:47:00 +0000"
    },
    "done": true
  },
  "moreconcrete:recipes/decorations/lime_concrete_fence_gate": {
    "criteria": {
      "has_stick": "2024-08-13 03:47:00 +0000"
    },
    "done": true
  },
  "minecraft:recipes/redstone/oak_door": {
    "criteria": {
      "has_planks": "2024-08-13 03:47:08 +0000"
    },
    "done": true
  },
  "create:recipes/building_blocks/granite_pillar_from_stone_types_granite_stonecutting": {
    "criteria": {
      "has_stone_types_granite": "2024-08-13 03:48:21 +0000"
    },
    "done": true
  },
  "create:recipes/building_blocks/polished_cut_granite_wall_from_stone_types_granite_stonecutting": {
    "criteria": {
      "has_stone_types_granite": "2024-08-13 03:48:21 +0000"
    },
    "done": true
  },
  "minecraft:recipes/tools/wooden_shovel": {
    "criteria": {
      "has_stick": "2024-08-13 03:47:00 +0000"
    },
    "done": true
  },
  "minecraft:recipes/building_blocks/cobblestone_slab": {
    "criteria": {
      "has_cobblestone": "2024-08-13 03:48:20 +0000"
    },
    "done": true
  },
  "moreconcrete:recipes/redstone/orange_concrete_lever": {
    "criteria": {
      "has_stick": "2024-08-13 03:47:00 +0000"
    },
    "done": true
  },
  "minecraft:adventure/root": {
    "criteria": {
      "killed_something": "2024-08-13 03:47:30 +0000"
    },
    "done": true
  },
  "minecraft:recipes/misc/iron_ingot_from_blasting_raw_iron": {
    "criteria": {
      "has_raw_iron": "2024-08-13 03:49:38 +0000"
    },
    "done": true
  },
  "minecraft:recipes/combat/wooden_sword": {
    "criteria": {
      "has_stick": "2024-08-13 03:47:00 +0000"
    },
    "done": true
  },
  "minecraft:recipes/building_blocks/oak_planks": {
    "criteria": {
      "has_logs": "2024-08-13 03:46:57 +0000"
    },
    "done": true
  },
  "moreconcrete:recipes/decorations/purple_concrete_fence": {
    "criteria": {
      "has_stick": "2024-08-13 03:47:00 +0000"
    },
    "done": true
  },
  "minecraft:recipes/food/cooked_porkchop_from_smoking": {
    "criteria": {
      "has_porkchop": "2024-08-13 03:47:39 +0000"
    },
    "done": true
  },
  "minecraft:recipes/decorations/barrel": {
    "criteria": {
      "has_planks": "2024-08-13 03:47:08 +0000"
    },
    "done": true
  },
  "minecraft:recipes/combat/leather_boots": {
    "criteria": {
      "has_leather": "2024-08-13 03:47:46 +0000"
    },
    "done": true
  },
  "minecraft:recipes/decorations/cobblestone_wall_from_cobblestone_stonecutting": {
    "criteria": {
      "has_cobblestone": "2024-08-13 03:48:20 +0000"
    },
    "done": true
  },
  "minecraft:recipes/building_blocks/cobblestone_stairs": {
    "criteria": {
      "has_cobblestone": "2024-08-13 03:48:20 +0000"
    },
    "done": true
  },
  "moreconcrete:recipes/decorations/red_concrete_fence": {
    "criteria": {
      "has_stick": "2024-08-13 03:47:00 +0000"
    },
    "done": true
  },
  "minecraft:recipes/building_blocks/polished_granite_stairs_from_granite_stonecutting": {
    "criteria": {
      "has_granite": "2024-08-13 03:48:21 +0000"
    },
    "done": true
  },
  "moreconcrete:recipes/decorations/gray_concrete_fence": {
    "criteria": {
      "has_stick": "2024-08-13 03:47:00 +0000"
    },
    "done": true
  },
  "minecraft:recipes/tools/stone_shovel": {
    "criteria": {
      "has_cobblestone": "2024-08-13 03:48:20 +0000"
    },
    "done": true
  },
  "tombstone:adventure/root": {
    "criteria": {
      "auto": "2024-08-13 03:44:48 +0000"
    },
    "done": true
  },
  "moreconcrete:recipes/decorations/magenta_concrete_fence": {
    "criteria": {
      "has_stick": "2024-08-13 03:47:00 +0000"
    },
    "done": true
  },
  "minecraft:recipes/building_blocks/oak_wood": {
    "criteria": {
      "has_log": "2024-08-13 03:46:57 +0000"
    },
    "done": true
  },
  "minecraft:recipes/food/cooked_beef": {
    "criteria": {
      "has_beef": "2024-08-13 03:47:31 +0000"
    },
    "done": true
  },
  "minecraft:recipes/redstone/lever": {
    "criteria": {
      "has_cobblestone": "2024-08-13 03:48:20 +0000"
    },
    "done": true
  },
  "iceandfire:recipes/misc/dragon_meal": {
    "criteria": {
      "has_item": "2024-08-13 03:47:31 +0000"
    },
    "done": true
  },
  "minecraft:recipes/combat/leather_leggings": {
    "criteria": {
      "has_leather": "2024-08-13 03:47:46 +0000"
    },
    "done": true
  },
  "moreconcrete:recipes/decorations/cyan_concrete_fence_gate": {
    "criteria": {
      "has_stick": "2024-08-13 03:47:00 +0000"
    },
    "done": true
  },
  "minecraft:recipes/redstone/oak_trapdoor": {
    "criteria": {
      "has_planks": "2024-08-13 03:47:08 +0000"
    },
    "done": true
  },
  "moreconcrete:recipes/decorations/brown_concrete_fence": {
    "criteria": {
      "has_stick": "2024-08-13 03:47:00 +0000"
    },
    "done": true
  },
  "minecraft:recipes/combat/stone_sword": {
    "criteria": {
      "has_cobblestone": "2024-08-13 03:48:20 +0000"
    },
    "done": true
  },
  "minecraft:recipes/decorations/cobblestone_wall": {
    "criteria": {
      "has_cobblestone": "2024-08-13 03:48:20 +0000"
    },
    "done": true
  },
  "sophisticatedstorage:recipes/misc/oak_limited_barrel_1": {
    "criteria": {
      "has_oak_plank": "2024-08-13 03:47:08 +0000"
    },
    "done": true
  },
  "sophisticatedstorage:recipes/misc/oak_limited_barrel_2": {
    "criteria": {
      "has_oak_plank": "2024-08-13 03:47:08 +0000"
    },
    "done": true
  },
  "sophisticatedstorage:recipes/misc/oak_limited_barrel_3": {
    "criteria": {
      "has_oak_plank": "2024-08-13 03:47:08 +0000"
    },
    "done": true
  },
  "sophisticatedstorage:recipes/misc/oak_limited_barrel_4": {
    "criteria": {
      "has_oak_plank": "2024-08-13 03:47:08 +0000"
    },
    "done": true
  },
  "minecraft:recipes/tools/stone_axe": {
    "criteria": {
      "has_cobblestone": "2024-08-13 03:48:20 +0000"
    },
    "done": true
  },
  "create:recipes/building_blocks/cut_granite_brick_wall_from_stone_types_granite_stonecutting": {
    "criteria": {
      "has_stone_types_granite": "2024-08-13 03:48:21 +0000"
    },
    "done": true
  },
  "farmersdelight:recipes/combat/flint_knife": {
    "criteria": {
      "has_stick": "2024-08-13 03:47:00 +0000"
    },
    "done": true
  },
  "iceandfire:recipes/misc/blindfold": {
    "criteria": {
      "has_item": "2024-08-13 03:47:46 +0000"
    },
    "done": true
  },
  "moreconcrete:recipes/decorations/lime_concrete_fence": {
    "criteria": {
      "has_stick": "2024-08-13 03:47:00 +0000"
    },
    "done": true
  },
  "create:recipes/building_blocks/polished_cut_granite_stairs_from_stone_types_granite_stonecutting": {
    "criteria": {
      "has_stone_types_granite": "2024-08-13 03:48:21 +0000"
    },
    "done": true
  },
  "immersive_armors:recipes/misc/wooden": {
    "criteria": {
      "has_item": "2024-08-13 03:46:57 +0000"
    },
    "done": true
  },
  "create:recipes/building_blocks/layered_granite_from_stone_types_granite_stonecutting": {
    "criteria": {
      "has_stone_types_granite": "2024-08-13 03:48:21 +0000"
    },
    "done": true
  },
  "farmersdelight:recipes/cooking/noodle_soup": {
    "criteria": {
      "has_any_ingredient": "2024-08-13 03:47:39 +0000"
    },
    "done": true
  },
  "sophisticatedstorage:recipes/misc/oak_barrel": {
    "criteria": {
      "has_oak_plank": "2024-08-13 03:47:08 +0000"
    },
    "done": true
  },
  "minecraft:recipes/decorations/smoker": {
    "criteria": {
      "has_furnace": "2024-08-13 03:49:44 +0000"
    },
    "done": true
  },
  "moreconcrete:recipes/redstone/purple_concrete_lever": {
    "criteria": {
      "has_stick": "2024-08-13 03:47:00 +0000"
    },
    "done": true
  },
  "moreconcrete:recipes/decorations/blue_concrete_fence": {
    "criteria": {
      "has_stick": "2024-08-13 03:47:00 +0000"
    },
    "done": true
  },
  "moreconcrete:recipes/decorations/cyan_concrete_fence": {
    "criteria": {
      "has_stick": "2024-08-13 03:47:00 +0000"
    },
    "done": true
  },
  "minecraft:recipes/building_blocks/oak_stairs": {
    "criteria": {
      "has_planks": "2024-08-13 03:47:08 +0000"
    },
    "done": true
  },
  "moreconcrete:recipes/decorations/green_concrete_fence_gate": {
    "criteria": {
      "has_stick": "2024-08-13 03:47:00 +0000"
    },
    "done": true
  },
  "minecraft:recipes/decorations/oak_fence": {
    "criteria": {
      "has_planks": "2024-08-13 03:47:08 +0000"
    },
    "done": true
  },
  "minecraft:recipes/food/cooked_porkchop_from_campfire_cooking": {
    "criteria": {
      "has_porkchop": "2024-08-13 03:47:39 +0000"
    },
    "done": true
  },
  "jeg:recipes/jeg/workbench": {
    "criteria": {
      "has_sticks": "2024-08-13 03:47:00 +0000"
    },
    "done": true
  },
  "farmersdelight:recipes/cooking/pumpkin_soup": {
    "criteria": {
      "has_any_ingredient": "2024-08-13 03:47:39 +0000"
    },
    "done": true
  },
  "create:recipes/building_blocks/small_granite_brick_wall_from_stone_types_granite_stonecutting": {
    "criteria": {
      "has_stone_types_granite": "2024-08-13 03:48:21 +0000"
    },
    "done": true
  },
  "iceandfire:recipes/misc/earplugs": {
    "criteria": {
      "has_item": "2024-08-13 03:47:08 +0000"
    },
    "done": true
  },
  "moreconcrete:recipes/decorations/yellow_concrete_fence_gate": {
    "criteria": {
      "has_stick": "2024-08-13 03:47:00 +0000"
    },
    "done": true
  },
  "create:recipes/building_blocks/polished_cut_granite_slab_from_stone_types_granite_stonecutting": {
    "criteria": {
      "has_stone_types_granite": "2024-08-13 03:48:21 +0000"
    },
    "done": true
  },
  "minecraft:husbandry/root": {
    "criteria": {
      "consumed_item": "2024-08-13 03:48:11 +0000"
    },
    "done": true
  },
  "create:recipes/building_blocks/cut_granite_bricks_from_stone_types_granite_stonecutting": {
    "criteria": {
      "has_stone_types_granite": "2024-08-13 03:48:21 +0000"
    },
    "done": true
  },
  "moreconcrete:recipes/decorations/gray_concrete_fence_gate": {
    "criteria": {
      "has_stick": "2024-08-13 03:47:00 +0000"
    },
    "done": true
  },
  "minecraft:recipes/building_blocks/coal_block": {
    "criteria": {
      "has_coal": "2024-08-13 03:48:34 +0000"
    },
    "done": true
  },
  "cataclysm:root": {
    "criteria": {
      "custom_test_name": "2024-08-13 03:44:46 +0000"
    },
    "done": true
  },
  "minecraft:recipes/redstone/oak_button": {
    "criteria": {
      "has_planks": "2024-08-13 03:47:08 +0000"
    },
    "done": true
  },
  "minecraft:recipes/decorations/torch": {
    "criteria": {
      "has_stone_pickaxe": "2024-08-13 03:48:30 +0000"
    },
    "done": true
  },
  "moreconcrete:recipes/redstone/black_concrete_lever": {
    "criteria": {
      "has_stick": "2024-08-13 03:47:00 +0000"
    },
    "done": true
  },
  "moreconcrete:recipes/decorations/light_gray_concrete_fence": {
    "criteria": {
      "has_stick": "2024-08-13 03:47:00 +0000"
    },
    "done": true
  },
  "minecraft:recipes/misc/iron_ingot_from_smelting_raw_iron": {
    "criteria": {
      "has_raw_iron": "2024-08-13 03:49:38 +0000"
    },
    "done": true
  },
  "farmersdelight:recipes/cooking/beef_stew": {
    "criteria": {
      "has_any_ingredient": "2024-08-13 03:47:31 +0000"
    },
    "done": true
  },
  "moreconcrete:recipes/decorations/brown_concrete_fence_gate": {
    "criteria": {
      "has_stick": "2024-08-13 03:47:00 +0000"
    },
    "done": true
  },
  "create:recipes/building_blocks/cut_granite_wall_from_stone_types_granite_stonecutting": {
    "criteria": {
      "has_stone_types_granite": "2024-08-13 03:48:21 +0000"
    },
    "done": true
  },
  "create:recipes/building_blocks/small_granite_brick_slab_from_stone_types_granite_stonecutting": {
    "criteria": {
      "has_stone_types_granite": "2024-08-13 03:48:21 +0000"
    },
    "done": true
  },
  "minecraft:recipes/tools/wooden_pickaxe": {
    "criteria": {
      "has_stick": "2024-08-13 03:47:00 +0000"
    },
    "done": true
  },
  "farmersdelight:main/root": {
    "criteria": {
      "seeds": "2024-08-13 03:44:46 +0000"
    },
    "done": true
  },
  "minecraft:story/upgrade_tools": {
    "criteria": {
      "stone_pickaxe": "2024-08-13 03:48:30 +0000"
    },
    "done": true
  },
  "moreconcrete:recipes/decorations/pink_concrete_fence": {
    "criteria": {
      "has_stick": "2024-08-13 03:47:00 +0000"
    },
    "done": true
  },
  "create:recipes/building_blocks/cut_granite_stairs_from_stone_types_granite_stonecutting": {
    "criteria": {
      "has_stone_types_granite": "2024-08-13 03:48:21 +0000"
    },
    "done": true
  },
  "create:recipes/building_blocks/small_granite_bricks_from_stone_types_granite_stonecutting": {
    "criteria": {
      "has_stone_types_granite": "2024-08-13 03:48:21 +0000"
    },
    "done": true
  },
  "sophisticatedbackpacks:recipes/misc/upgrade_base": {
    "criteria": {
      "has_leather": "2024-08-13 03:47:46 +0000"
    },
    "done": true
  },
  "minecraft:recipes/redstone/oak_pressure_plate": {
    "criteria": {
      "has_planks": "2024-08-13 03:47:08 +0000"
    },
    "done": true
  },
  "toms_storage:unlock_dia_pearl": {
    "criteria": {
      "inv_changed-ender_pearl": "2024-08-13 03:44:46 +0000",
      "inv_changed-diamond": "2024-08-13 03:44:46 +0000"
    },
    "done": true
  },
  "moreconcrete:recipes/redstone/blue_concrete_lever": {
    "criteria": {
      "has_stick": "2024-08-13 03:47:00 +0000"
    },
    "done": true
  },
  "minecraft:recipes/building_blocks/polished_granite": {
    "criteria": {
      "has_granite": "2024-08-13 03:48:21 +0000"
    },
    "done": true
  },
  "moreconcrete:recipes/decorations/red_concrete_fence_gate": {
    "criteria": {
      "has_stick": "2024-08-13 03:47:00 +0000"
    },
    "done": true
  },
  "moreconcrete:recipes/redstone/gray_concrete_lever": {
    "criteria": {
      "has_stick": "2024-08-13 03:47:00 +0000"
    },
    "done": true
  },
  "moreconcrete:recipes/decorations/magenta_concrete_fence_gate": {
    "criteria": {
      "has_stick": "2024-08-13 03:47:00 +0000"
    },
    "done": true
  },
  "moreconcrete:recipes/decorations/purple_concrete_fence_gate": {
    "criteria": {
      "has_stick": "2024-08-13 03:47:00 +0000"
    },
    "done": true
  },
  "create:recipes/building_blocks/oak_window": {
    "criteria": {
      "has_ingredient": "2024-08-13 03:47:08 +0000"
    },
    "done": true
  },
  "minecraft:adventure/adventuring_time": {
    "criteria": {
      "minecraft:forest": "2024-08-13 03:44:48 +0000",
      "minecraft:plains": "2024-08-13 03:46:38 +0000"
    },
    "done": false
  },
  "minecraft:recipes/misc/quarry_block_crafted": {
    "criteria": {
      "has_item": "2024-08-13 03:49:44 +0000"
    },
    "done": true
  },
  "minecraft:recipes/building_blocks/cobblestone_stairs_from_cobblestone_stonecutting": {
    "criteria": {
      "has_cobblestone": "2024-08-13 03:48:20 +0000"
    },
    "done": true
  },
  "moreconcrete:recipes/redstone/brown_concrete_lever": {
    "criteria": {
      "has_stick": "2024-08-13 03:47:00 +0000"
    },
    "done": true
  },
  "apotheosis:give_book": {
    "criteria": {
      "tick": "2024-08-13 03:44:46 +0000"
    },
    "done": true
  },
  "moreconcrete:recipes/redstone/light_blue_concrete_lever": {
    "criteria": {
      "has_stick": "2024-08-13 03:47:00 +0000"
    },
    "done": true
  },
  "farmersdelight:recipes/decorations/cutting_board": {
    "criteria": {
      "has_stick": "2024-08-13 03:47:00 +0000"
    },
    "done": true
  },
  "moreconcrete:recipes/decorations/light_blue_concrete_fence_gate": {
    "criteria": {
      "has_stick": "2024-08-13 03:47:00 +0000"
    },
    "done": true
  },
  "minecraft:husbandry/balanced_diet": {
    "criteria": {
      "cooked_porkchop": "2024-08-13 03:50:22 +0000",
      "beef": "2024-08-13 03:48:11 +0000"
    },
    "done": false
  },
  "minecraft:recipes/tools/stone_hoe": {
    "criteria": {
      "has_cobblestone": "2024-08-13 03:48:20 +0000"
    },
    "done": true
  },
  "moreconcrete:recipes/decorations/black_concrete_fence": {
    "criteria": {
      "has_stick": "2024-08-13 03:47:00 +0000"
    },
    "done": true
  },
  "minecraft:story/root": {
    "criteria": {
      "crafting_table": "2024-08-13 03:47:11 +0000"
    },
    "done": true
  },
  "moreconcrete:recipes/redstone/magenta_concrete_lever": {
    "criteria": {
      "has_stick": "2024-08-13 03:47:00 +0000"
    },
    "done": true
  },
  "moreconcrete:recipes/decorations/light_gray_concrete_fence_gate": {
    "criteria": {
      "has_stick": "2024-08-13 03:47:00 +0000"
    },
    "done": true
  },
  "minecraft:recipes/food/cooked_beef_from_campfire_cooking": {
    "criteria": {
      "has_beef": "2024-08-13 03:47:31 +0000"
    },
    "done": true
  },
  "DataVersion": 3465
}